Title,URL,VisitCount,LastVisitTime
Document,https://b4ac-88-229-109-187.ngrok-free.app/sorgula/Search_Nufus.php,16,2023-04-22T21:54:02.212864+03:00
000Webhost | Websites,https://panel.000webhost.com/,15,2023-05-13T22:06:00.410123+03:00
Document,https://b4ac-88-229-109-187.ngrok-free.app/sorgula/Login.php,13,2023-04-22T21:50:02.59265+03:00
Document,https://b4ac-88-229-109-187.ngrok-free.app/sorgula/Search_TC.php,13,2023-04-22T21:53:58.17522+03:00
SERKAN AKSOY's Digital Business Card,https://contactx.tech/serkan/,9,2023-05-13T22:05:06.813692+03:00
Document,http://localhost:4040/sorgula/Login.php,8,2023-04-22T21:17:01.086502+03:00
Login to free cPanel and manage free web hosting,https://www.000webhost.com/cpanel-login?from=panel,7,2023-05-13T22:06:00.901852+03:00
Search For Turks,https://b4ac-88-229-109-187.ngrok-free.app/sorgula/Search_GSM.php,7,2023-04-22T21:53:51.749379+03:00
Document,http://localhost:4040/sorgula/Search_TC.php,6,2023-04-21T16:17:36.065633+03:00
000Webhost | Profile Information,https://panel.000webhost.com/profile,5,2023-05-13T11:13:14.066796+03:00
000Webhost | Websites,https://www.000webhost.com/cpanel-login,4,2023-05-13T22:05:58.348958+03:00
Microsoft Edge,https://microsoftedgewelcome.microsoft.com/en-us/mb04?form=MT002J&slide=ie-mode,4,2023-05-11T21:02:45.428333+03:00
Arkestra - Google Search,"https://www.google.com/search?q=Arkestra&source=lmns&bih=743&biw=1536&hl=en&sa=X&ved=2ahUKEwj54-vYnpD_AhWPk6QKHbWsAYcQ_AUoAHoECAEQAA#lrd=0x14cab78b08fb505b:0x3c8e2bf56c19600e,3,,,,",3,2023-05-25T10:18:09.070387+03:00
V1CE,https://contactx.tech/,3,2023-05-13T13:30:13.497203+03:00
Abdurrhaman Nafi's Digital Business Card,https://contactx.tech/Abdul/,3,2023-05-16T20:25:22.891006+03:00
Microsoft Edge,https://www.microsoft.com/en-us/edge/update/113?form=MT00ER&channel=stable&version=113.0.1774.35,3,2023-05-10T19:04:50.715405+03:00
Document,https://1be8-88-229-109-187.ngrok-free.app/sorgula/Search_GSM.php,3,2023-04-22T09:56:02.502404+03:00
get help with file explorer in windows - Search,https://www.bing.com/search?q=get+help+with+file+explorer+in+windows&filters=guid:%224026535-en-dia%22%20lang:%22en%22&form=S00028,3,2023-05-15T10:29:53.663451+03:00
get help with file explorer in windows - Search,https://go.microsoft.com/fwlink/?LinkId=528884,3,2023-05-15T10:29:53.663451+03:00
Website list,https://www.000webhost.com/members/website/list,2,2023-05-13T10:52:00.402053+03:00
Microsoft Edge,https://go.microsoft.com/fwlink/?linkid=2181241&ciaid=actpermedge&source=windowsSearch,2,2023-05-11T21:02:45.206342+03:00
Welcome to XAMPP,https://b4ac-88-229-109-187.ngrok-free.app/,2,2023-04-22T21:19:48.39868+03:00
webhost000 - Search,https://www.bing.com/search?q=webhost000&cvid=017e80d3103f4548afed298f2fa55578&aqs=edge.0.0l9.2221j0j4&FORM=ANAB01&PC=ASTS,2,2023-05-13T22:05:13.121853+03:00
https://accounts.google.com/signin/oauth/consent?authuser=0&part=AJi8hAPjJaXPz1GjWc6y-J4ZGMyc2kuMIKnkZaunmnN38e4StBMW18r0MEbuGWyUrk2J7t9Z2aCeSH6SutRyJa85Vx0oap49zwappwe6oNZAJdBR6NmPdLQ_3XVFeoRxETaVLlm8358T5Mt9RiUvgera6FufMXSBpzk4zN0k6QFBYT4SRD5kjYMTeqLgFTjyQKtrpidlB75U1Se_18omsZuMiXnJUSJeFk0IoCBiiQdICwfXLyY47KZq2DMc0VFM43ZFOHoTXsyx4eOItoHkGXIOLC7PZwnlm1e3783KcUwoSRadEysWxSirUqj-Bmsr5al2SJNo6KjT3b5r_lQZVETZVXeC-Y_03fEV_d0lcYVCAHaJ6zWl9PaBDJ2VZ1CcyduDwg8f5wQbWWNPGep21kPZ7Ne_rFJe4XCLpuhzUBs3hyjAH-v9GFc&as=S1426964765%3A1683975347269035&client_id=352188552355.apps.googleusercontent.com&pli=1&rapt=AEjHL4NSUZA_v7n1twO14DwEZB3biXa3x1brL_2jQLdjexL0LM2jJfcS5ZrtXHw2nzCjAA99CJ3nD89_Ctd8D0_ZjEelCjGYDg#,https://accounts.google.com/signin/oauth/consent?authuser=0&part=AJi8hAPjJaXPz1GjWc6y-J4ZGMyc2kuMIKnkZaunmnN38e4StBMW18r0MEbuGWyUrk2J7t9Z2aCeSH6SutRyJa85Vx0oap49zwappwe6oNZAJdBR6NmPdLQ_3XVFeoRxETaVLlm8358T5Mt9RiUvgera6FufMXSBpzk4zN0k6QFBYT4SRD5kjYMTeqLgFTjyQKtrpidlB75U1Se_18omsZuMiXnJUSJeFk0IoCBiiQdICwfXLyY47KZq2DMc0VFM43ZFOHoTXsyx4eOItoHkGXIOLC7PZwnlm1e3783KcUwoSRadEysWxSirUqj-Bmsr5al2SJNo6KjT3b5r_lQZVETZVXeC-Y_03fEV_d0lcYVCAHaJ6zWl9PaBDJ2VZ1CcyduDwg8f5wQbWWNPGep21kPZ7Ne_rFJe4XCLpuhzUBs3hyjAH-v9GFc&as=S1426964765%3A1683975347269035&client_id=352188552355.apps.googleusercontent.com&pli=1&rapt=AEjHL4NSUZA_v7n1twO14DwEZB3biXa3x1brL_2jQLdjexL0LM2jJfcS5ZrtXHw2nzCjAA99CJ3nD89_Ctd8D0_ZjEelCjGYDg#,2,2023-05-13T10:55:49.507064+03:00
Sign in - Google Accounts,https://accounts.google.com/o/oauth2/auth?redirect_uri=storagerelay%3A%2F%2Fhttps%2Fusers.wix.com%3Fid%3Dauth152784&response_type=permission%20id_token&scope=email%20profile%20openid&openid.realm=&include_granted_scopes=true&client_id=352188552355.apps.googleusercontent.com&ss_domain=https%3A%2F%2Fusers.wix.com&fetch_basic_profile=true&gsiwebsdk=2,2,2023-05-13T10:55:47.561062+03:00
Microsoft Edge,https://www.microsoft.com/en-us/edge/update?channel=stable&version=112.0.1722.34,2,2023-04-07T20:38:25.734106+03:00
Microsoft Edge,https://www.microsoft.com/edge/update?channel=stable&version=112.0.1722.34,2,2023-04-07T20:38:25.734106+03:00
Microsoft Edge,https://go.microsoft.com/fwlink/?linkid=2140622&channel=stable&version=112.0.1722.34,2,2023-04-07T20:38:25.734106+03:00
Document,https://30e5-94-123-218-45.ngrok-free.app/sorgula/login.php,2,2023-04-22T18:40:25.85123+03:00
Document,https://2f5f-88-229-109-187.ngrok-free.app/sorgula/Search_GSM.php,2,2023-04-23T12:49:22.688715+03:00
free web host service - Search,https://www.bing.com/search?q=free+web+host+service&cvid=f4db6205ea5a4ee38259c6af4fb3d8bf&aqs=edge.1.69i57j0l8.7218j0j4&FORM=ANAB01&PC=ASTS,2,2023-05-13T10:55:31.445998+03:00
"Free Web Hosting - Host a Website for Free with Cpanel, PHP",https://www.000webhost.com/,2,2023-05-13T22:05:13.983584+03:00
https://www.000webhost.com/members/,https://www.000webhost.com/members/,2,2023-05-13T10:51:59.690806+03:00
Document,https://1be8-88-229-109-187.ngrok-free.app/sorgula/Login.php,2,2023-04-22T09:56:02.502404+03:00
Sign in - Google Accounts,https://accounts.google.com/v3/signin/identifier?dsh=S1174529258%3A1683974830736708&access_type=offline&client_id=200307805104-7m36d5duhmnlqem370no6a0vltd1nvg7.apps.googleusercontent.com&o2v=1&redirect_uri=https%3A%2F%2Fwww.000webhost.com%2Fcpanel-login%2Foauth%2Fgoogle&response_type=code&scope=https%3A%2F%2Fwww.googleapis.com%2Fauth%2Fuserinfo.profile+https%3A%2F%2Fwww.googleapis.com%2Fauth%2Fuserinfo.email&service=lso&state=HA-2GAPTF1R6BL3YI7XJMUZWD95KCV8O4ENSQ0H&flowName=GeneralOAuthFlow&continue=https%3A%2F%2Faccounts.google.com%2Fsignin%2Foauth%2Fconsent%3Fauthuser%3Dunknown%26part%3DAJi8hAN_5VjEYvimFe-1It1RbCmspMuxfToFCDDCXcByXYL8ou1KbwZnEfaR6TdvS2CuIVNPIPKpTHeJmMlNytBU_md2K9Z1HZPKReksG3Yz4CI1mQ-wrO6zu0Bwq17zZTNKqkxxKYVHuE5aRskEkjuEuTOgf6EDNs2I3JrYvyhbBdcQ7XoNcLD44HsnsvKY1wbN3R45KrqLRuECz8OwyFB_I0kwbzfjZvGFRBWtoqBennu6BSyLRpfhkGWjjZ9_QUFH-h5BsknUOPm-8gAo2yJt0T5YeluDkUKRJ9GSKKoIaYDg8cMm_Hb31UHt4iQTkNfq_5g6E3ZN7wzYswT0YvmKE6p4xue0rvK6MGBiqPYEBO13qw8ochgwed9KjKPc_IE0xCC1HYFpSm68iIcacJAIRMspPnVEwJr-OaBvwi6xFuPI45Nc7yBqC8bbbOJ61X2nZH3Ejn1BW8BOzTq0HywES2tFlaHlsg%26as%3DS1174529258%253A1683974830736708%26client_id%3D200307805104-7m36d5duhmnlqem370no6a0vltd1nvg7.apps.googleusercontent.com%23&app_domain=https%3A%2F%2Fwww.000webhost.com&rart=ANgoxceVA6Mvn_d0ndJwaLhqZ7kJNujsNwCf3xv53pfIHCCTYe-3M_vsk_krOmWQ7EknxbsLqf_L9B4oRuLuGtVxeNldca7AFA,2,2023-05-13T10:47:11.229363+03:00
Document,https://d613-88-229-109-187.ngrok-free.app/sorgula/Search_Nufus.php,2,2023-04-21T20:10:19.346186+03:00
Ali Rıza Efendi Cd. No:32 - Google Maps,"https://www.google.com/maps/place/Atak%C3%B6y+2-5-6.,+Ali+R%C4%B1za+Efendi+Cd.+No:32,+34158+Bak%C4%B1rk%C3%B6y%2F%C4%B0stanbul/@40.9772143,28.8608108,17.75z/data=!4m6!3m5!1s0x14cabcb33772cae5:0x4d870d7048382208!8m2!3d40.976975!4d28.860318!16s%2Fg%2F11c21vyl6m?shorturl=1",2,2023-05-11T23:10:22.742658+03:00
Microsoft Edge,https://microsoftedgewelcome.microsoft.com/mb04?form=MT002J&slide=ie-mode,2,2023-05-11T21:02:45.206342+03:00
Redirecting,https://accounts.google.com.tr/accounts/SetSID?ssdc=1&sidt=ALWU2ctk/93gDya9n6cJpPPnO%2BggARg3rR2baavEOBZ1rkLNh0aXwQ7OKQrdmtuhUdue0PvxHQOIV1oRDyYjPhsHBR8CIPo2R511EVnuzSo40P9rSye7lrbmu6nCxzT9TYAA95ai8bqIUs86s9lBSNu%2BMVaylTcISAWQBwkgDH5GwTnJNsyIxaMYJzvh8wYSb4OBTYi3zC3VtUXIEr07XJvnfTQi858Kl1Mx5k8SIjLJBbHYpoEGBE4CTIHJQs99wWVqW7HcLpiX49PuiPRzGzAW4448DgQSYBitwwssMM3647sL9UKr1gCe6R2hfkW%2Boz4wwl2Kgs3bs7SL5Vj6zSh4BTDEAmCTA4siMBsyMSIdarr/QlPi4ZUexLZu1WwQY2PiL1DTtb4JLWsXIwL7TY9cX33taeDi8BTz4wv4OG0CkPPb4aUmTlQO2jxZ/7E3BQrtRVfLYqhN&continue=https://accounts.google.com/signin/oauth/consent?authuser%3D0%26part%3DAJi8hAN_5VjEYvimFe-1It1RbCmspMuxfToFCDDCXcByXYL8ou1KbwZnEfaR6TdvS2CuIVNPIPKpTHeJmMlNytBU_md2K9Z1HZPKReksG3Yz4CI1mQ-wrO6zu0Bwq17zZTNKqkxxKYVHuE5aRskEkjuEuTOgf6EDNs2I3JrYvyhbBdcQ7XoNcLD44HsnsvKY1wbN3R45KrqLRuECz8OwyFB_I0kwbzfjZvGFRBWtoqBennu6BSyLRpfhkGWjjZ9_QUFH-h5BsknUOPm-8gAo2yJt0T5YeluDkUKRJ9GSKKoIaYDg8cMm_Hb31UHt4iQTkNfq_5g6E3ZN7wzYswT0YvmKE6p4xue0rvK6MGBiqPYEBO13qw8ochgwed9KjKPc_IE0xCC1HYFpSm68iIcacJAIRMspPnVEwJr-OaBvwi6xFuPI45Nc7yBqC8bbbOJ61X2nZH3Ejn1BW8BOzTq0HywES2tFlaHlsg%26as%3DS1174529258%253A1683974830736708%26client_id%3D200307805104-7m36d5duhmnlqem370no6a0vltd1nvg7.apps.googleusercontent.com%26rapt%3DAEjHL4O-Q0sKwCpXzqWzrt4uTpvoE65ImWYZq5xO081rjfyHG3_CAqTLN6XnVDFmBpsSNWPcw-ijH8SDFDXbnwcBxW0dOg0LkQ%23&tcc=1,1,2023-05-13T10:47:41.030844+03:00
000webhost forum,https://www.000webhost.com/forum,1,2023-05-13T10:51:40.627425+03:00
get help with file explorer in windows 10 - Search,https://go.microsoft.com/fwlink/?LinkID=2004439,1,2023-05-10T21:41:23.691622+03:00
Document,http://localhost:4040/sorgula/Search_gsm.php,1,2023-04-21T20:34:07.798457+03:00
Document,https://d613-88-229-109-187.ngrok-free.app/sorgula/Login.php,1,2023-04-21T20:10:19.346186+03:00
,http://194.27.161.104:3335/CommonViews/BeforeNormalLogin.aspx?Language=tr-TR,1,2023-05-11T21:02:49.995909+03:00
,http://194.27.161.104:3335/,1,2023-05-11T21:02:59.865731+03:00
,http://194.27.161.104:3335/LoginView/Login.aspx?Language=en-US,1,2023-05-11T21:04:04.897645+03:00
Just a moment...,https://www.000webhost.com/cpanel-login?from=panel&__cf_chl_tk=FsySUz7qbDxUZdR8mTDXVzFD3GHZZ_IsofzCt22qg5A-1683974820-0-gaNycGzNCiU,1,2023-05-13T10:47:03.870578+03:00
Ali Rıza Efendi Cd. No:32 - Google Maps,https://goo.gl/maps/6FD1sG9r7euXzRzx7,1,2023-05-11T23:10:22.141764+03:00
Microsoft Edge,https://www.microsoft.com/en-us/edge/update?channel=stable&version=113.0.1774.35,1,2023-05-10T19:04:50.513445+03:00
Ali Rıza Efendi Cd. No:32 - Google Maps,"https://www.google.com/maps/place/Atak%C3%B6y+2-5-6.,+Ali+R%C4%B1za+Efendi+Cd.+No:32,+34158+Bak%C4%B1rk%C3%B6y%2F%C4%B0stanbul/@40.9772143,28.8608108,17z/data=!4m6!3m5!1s0x14cabcb33772cae5:0x4d870d7048382208!8m2!3d40.976975!4d28.860318!16s%2Fg%2F11c21vyl6m",1,2023-05-11T23:10:26.339774+03:00
Share on WhatsApp,https://wa.me/905551463114,1,2023-05-11T23:10:27.658956+03:00
Share on WhatsApp,https://api.whatsapp.com/send/?phone=905551463114&text&type=phone_number&app_absent=0,1,2023-05-11T23:10:27.658956+03:00
V1CE,http://www.contactx.tech/,1,2023-05-11T23:19:36.543476+03:00
Microsoft Start,https://www.msn.com/en-ae/feed?ocid=winp2fptaskbarhover,1,2023-04-07T13:16:52.643812+03:00
Sign in - Google Accounts,https://www.000webhost.com/cpanel-login/oauth/google,1,2023-05-13T10:47:10.736952+03:00
bing AI - Search,https://www.bing.com/?form=WSBCPB&showconv=1&q=bing+AI,1,2023-03-30T10:49:20.730413+03:00
tass - Search,https://www.bing.com/search?q=tass&form=WSBEDG&qs=SW&cvid=9711e9086930406bb217f48a986b6de6&pq=tass&cc=QA&setlang=en-US&PC=ASTS&nclid=65E84238DB170CD9EFA7EF88C024EBF6&ts=1680994572091&nclidts=1680994572&tsms=091&wsso=Moderate,1,2023-04-08T22:56:13.862521+03:00
Microsoft Edge,https://www.microsoft.com/edge/update?channel=stable&version=113.0.1774.35,1,2023-05-10T19:04:50.513445+03:00
Document,http://localhost:4040/sorgula/Search_Nufus.php,1,2023-04-21T15:40:28.913118+03:00
Sign in - Google Accounts,https://accounts.google.com/o/oauth2/auth?response_type=code&client_id=200307805104-7m36d5duhmnlqem370no6a0vltd1nvg7.apps.googleusercontent.com&redirect_uri=https%3A%2F%2Fwww.000webhost.com%2Fcpanel-login%2Foauth%2Fgoogle&scope=https%3A%2F%2Fwww.googleapis.com%2Fauth%2Fuserinfo.profile+https%3A%2F%2Fwww.googleapis.com%2Fauth%2Fuserinfo.email&access_type=offline&state=HA-2GAPTF1R6BL3YI7XJMUZWD95KCV8O4ENSQ0H,1,2023-05-13T10:47:10.736952+03:00
Microsoft Edge,https://go.microsoft.com/fwlink/?linkid=2140622&channel=stable&version=113.0.1774.35,1,2023-05-10T19:04:50.513445+03:00
Sign in - Google Accounts,https://accounts.google.com/v3/signin/challenge/pwd?TL=AG7eRGB0MlJ2ErYyTfGPCjxbkJDPX-Ek-E9gVW-6SV0rAPN2lsl4p8EmxBmKFGBS&access_type=offline&app_domain=https%3A%2F%2Fwww.000webhost.com&checkConnection&checkedDomains&cid=1&client_id=200307805104-7m36d5duhmnlqem370no6a0vltd1nvg7.apps.googleusercontent.com&continue=https%3A%2F%2Faccounts.google.com%2Fsignin%2Foauth%2Fconsent%3Fauthuser%3Dunknown%26part%3DAJi8hAN_5VjEYvimFe-1It1RbCmspMuxfToFCDDCXcByXYL8ou1KbwZnEfaR6TdvS2CuIVNPIPKpTHeJmMlNytBU_md2K9Z1HZPKReksG3Yz4CI1mQ-wrO6zu0Bwq17zZTNKqkxxKYVHuE5aRskEkjuEuTOgf6EDNs2I3JrYvyhbBdcQ7XoNcLD44HsnsvKY1wbN3R45KrqLRuECz8OwyFB_I0kwbzfjZvGFRBWtoqBennu6BSyLRpfhkGWjjZ9_QUFH-h5BsknUOPm-8gAo2yJt0T5YeluDkUKRJ9GSKKoIaYDg8cMm_Hb31UHt4iQTkNfq_5g6E3ZN7wzYswT0YvmKE6p4xue0rvK6MGBiqPYEBO13qw8ochgwed9KjKPc_IE0xCC1HYFpSm68iIcacJAIRMspPnVEwJr-OaBvwi6xFuPI45Nc7yBqC8bbbOJ61X2nZH3Ejn1BW8BOzTq0HywES2tFlaHlsg%26as%3DS1174529258%253A1683974830736708%26client_id%3D200307805104-7m36d5duhmnlqem370no6a0vltd1nvg7.apps.googleusercontent.com%23&dsh=S1174529258%3A1683974830736708&flowName=GeneralOAuthFlow&o2v=1&pstMsg=0&rart=ANgoxceVA6Mvn_d0ndJwaLhqZ7kJNujsNwCf3xv53pfIHCCTYe-3M_vsk_krOmWQ7EknxbsLqf_L9B4oRuLuGtVxeNldca7AFA&redirect_uri=https%3A%2F%2Fwww.000webhost.com%2Fcpanel-login%2Foauth%2Fgoogle&response_type=code&scope=https%3A%2F%2Fwww.googleapis.com%2Fauth%2Fuserinfo.profile%20https%3A%2F%2Fwww.googleapis.com%2Fauth%2Fuserinfo.email&service=lso&state=HA-2GAPTF1R6BL3YI7XJMUZWD95KCV8O4ENSQ0H,1,2023-05-13T10:47:16.442066+03:00
Redirecting,https://accounts.google.com/CheckCookie?continue=https://accounts.google.com/signin/oauth/consent?authuser%3Dunknown%26part%3DAJi8hAN_5VjEYvimFe-1It1RbCmspMuxfToFCDDCXcByXYL8ou1KbwZnEfaR6TdvS2CuIVNPIPKpTHeJmMlNytBU_md2K9Z1HZPKReksG3Yz4CI1mQ-wrO6zu0Bwq17zZTNKqkxxKYVHuE5aRskEkjuEuTOgf6EDNs2I3JrYvyhbBdcQ7XoNcLD44HsnsvKY1wbN3R45KrqLRuECz8OwyFB_I0kwbzfjZvGFRBWtoqBennu6BSyLRpfhkGWjjZ9_QUFH-h5BsknUOPm-8gAo2yJt0T5YeluDkUKRJ9GSKKoIaYDg8cMm_Hb31UHt4iQTkNfq_5g6E3ZN7wzYswT0YvmKE6p4xue0rvK6MGBiqPYEBO13qw8ochgwed9KjKPc_IE0xCC1HYFpSm68iIcacJAIRMspPnVEwJr-OaBvwi6xFuPI45Nc7yBqC8bbbOJ61X2nZH3Ejn1BW8BOzTq0HywES2tFlaHlsg%26as%3DS1174529258:1683974830736708%26client_id%3D200307805104-7m36d5duhmnlqem370no6a0vltd1nvg7.apps.googleusercontent.com%26rapt%3DAEjHL4O-Q0sKwCpXzqWzrt4uTpvoE65ImWYZq5xO081rjfyHG3_CAqTLN6XnVDFmBpsSNWPcw-ijH8SDFDXbnwcBxW0dOg0LkQ%23&service=lso&pstMsg=0&rart=ANgoxceVA6Mvn_d0ndJwaLhqZ7kJNujsNwCf3xv53pfIHCCTYe-3M_vsk_krOmWQ7EknxbsLqf_L9B4oRuLuGtVxeNldca7AFA&flowName=GeneralOAuthFlow&client_id=200307805104-7m36d5duhmnlqem370no6a0vltd1nvg7.apps.googleusercontent.com&redirect_uri=https://www.000webhost.com/cpanel-login/oauth/google&scope=https://www.googleapis.com/auth/userinfo.profile+https://www.googleapis.com/auth/userinfo.email&o2v=1&chtml=LoginDoneHtml&gidl=EgIIAA,1,2023-05-13T10:47:41.030844+03:00
Redirecting,https://accounts.google.com.eg/accounts/SetSID?ssdc=1&sidt=ALWU2cv85fHEteT08BTRgC8kkIIIIOv7WLL5T1W%2FmgXXyk4yIWjdz28O69zDVTtMcnWqiLQLdy%2BnCHJSwqghMi9UrjlzBheIAzK1VpG7gWx4%2BLo4sBQIQ%2BBOvIcSmcw1m8t7uWPuTet2G55fOa9U%2BwDIwKBWOkx%2BbALQ7R5kBEOTTKqlL7oEtzF3dkURjnIT%2B5ykyVob6bLRCsP5l78FbZmSuxtlrxthyveSrGjxZ0Z9jo%2FEOxiwIOjmHEWm6rqylcataOUJqEcpit1W5WTiDbkiwa68E5MBGUjOlY4ItMw53kT4M0SMct4kZrX6o6TIyUFqrojDdCn1dG%2F5gN4N6R9jtj7e4hpc7COJed8uMM86QkC2QWIPDLJ7cNc%2FKLZWny6UIUFkVVXGliGMKEAa%2FKzDyDu1xI61oFNvK6DHmsuPx0hPFbsf3o8oDix3hYAKc9%2BbgNNn6%2Fm0&continue=https%3A%2F%2Faccounts.google.com%2Fsignin%2Foauth%2Fconsent%3Fauthuser%3D0%26part%3DAJi8hAN_5VjEYvimFe-1It1RbCmspMuxfToFCDDCXcByXYL8ou1KbwZnEfaR6TdvS2CuIVNPIPKpTHeJmMlNytBU_md2K9Z1HZPKReksG3Yz4CI1mQ-wrO6zu0Bwq17zZTNKqkxxKYVHuE5aRskEkjuEuTOgf6EDNs2I3JrYvyhbBdcQ7XoNcLD44HsnsvKY1wbN3R45KrqLRuECz8OwyFB_I0kwbzfjZvGFRBWtoqBennu6BSyLRpfhkGWjjZ9_QUFH-h5BsknUOPm-8gAo2yJt0T5YeluDkUKRJ9GSKKoIaYDg8cMm_Hb31UHt4iQTkNfq_5g6E3ZN7wzYswT0YvmKE6p4xue0rvK6MGBiqPYEBO13qw8ochgwed9KjKPc_IE0xCC1HYFpSm68iIcacJAIRMspPnVEwJr-OaBvwi6xFuPI45Nc7yBqC8bbbOJ61X2nZH3Ejn1BW8BOzTq0HywES2tFlaHlsg%26as%3DS1174529258%253A1683974830736708%26client_id%3D200307805104-7m36d5duhmnlqem370no6a0vltd1nvg7.apps.googleusercontent.com%26rapt%3DAEjHL4O-Q0sKwCpXzqWzrt4uTpvoE65ImWYZq5xO081rjfyHG3_CAqTLN6XnVDFmBpsSNWPcw-ijH8SDFDXbnwcBxW0dOg0LkQ%23&tcc=1&dbus=TR,1,2023-05-13T10:47:41.030844+03:00
Document,https://30e5-94-123-218-45.ngrok-free.app/sorgula/Login.php,1,2023-04-22T20:03:58.723809+03:00
000Webhost | Websites,https://accounts.google.com.tr/accounts/SetSID,1,2023-05-13T10:47:41.061009+03:00
000Webhost | Websites,https://accounts.google.com/signin/oauth/consent?authuser=0&part=AJi8hAN_5VjEYvimFe-1It1RbCmspMuxfToFCDDCXcByXYL8ou1KbwZnEfaR6TdvS2CuIVNPIPKpTHeJmMlNytBU_md2K9Z1HZPKReksG3Yz4CI1mQ-wrO6zu0Bwq17zZTNKqkxxKYVHuE5aRskEkjuEuTOgf6EDNs2I3JrYvyhbBdcQ7XoNcLD44HsnsvKY1wbN3R45KrqLRuECz8OwyFB_I0kwbzfjZvGFRBWtoqBennu6BSyLRpfhkGWjjZ9_QUFH-h5BsknUOPm-8gAo2yJt0T5YeluDkUKRJ9GSKKoIaYDg8cMm_Hb31UHt4iQTkNfq_5g6E3ZN7wzYswT0YvmKE6p4xue0rvK6MGBiqPYEBO13qw8ochgwed9KjKPc_IE0xCC1HYFpSm68iIcacJAIRMspPnVEwJr-OaBvwi6xFuPI45Nc7yBqC8bbbOJ61X2nZH3Ejn1BW8BOzTq0HywES2tFlaHlsg&as=S1174529258%3A1683974830736708&client_id=200307805104-7m36d5duhmnlqem370no6a0vltd1nvg7.apps.googleusercontent.com&rapt=AEjHL4O-Q0sKwCpXzqWzrt4uTpvoE65ImWYZq5xO081rjfyHG3_CAqTLN6XnVDFmBpsSNWPcw-ijH8SDFDXbnwcBxW0dOg0LkQ#,1,2023-05-13T10:47:43.973514+03:00
000Webhost | Websites,https://www.000webhost.com/cpanel-login/oauth/google?state=HA-2GAPTF1R6BL3YI7XJMUZWD95KCV8O4ENSQ0H&code=4%2F0AbUR2VNYNcIRl-s_8BdGOdzstsImCKhJDUQPFduJ-nFeFpKFxujD6HUQ8bzB7QrCF_YkGA&scope=email+profile+https%3A%2F%2Fwww.googleapis.com%2Fauth%2Fuserinfo.email+https%3A%2F%2Fwww.googleapis.com%2Fauth%2Fuserinfo.profile+openid&authuser=0&prompt=none,1,2023-05-13T10:47:43.973514+03:00
bing AI - Search,https://www.bing.com/search?form=WSBCPB&showconv=1&q=bing+AI,1,2023-03-30T10:49:20.730413+03:00
000Webhost | Websites,https://www.000webhost.com/cpanel-login?utm_source=000&utm_medium=website-sleeping&utm_campaign=pages,1,2023-05-13T10:48:22.280155+03:00
000webhost Members Area,https://www.000webhost.com/members,1,2023-05-13T10:51:03.229299+03:00
Document,https://1be8-88-229-109-187.ngrok-free.app/sorgula/Search_Nufus.php,1,2023-04-22T09:56:14.56327+03:00
Just a moment...,https://www.000webhost.com/cpanel-login?from=panel&__cf_chl_rt_tk=FsySUz7qbDxUZdR8mTDXVzFD3GHZZ_IsofzCt22qg5A-1683974820-0-gaNycGzNCiU,1,2023-05-13T10:47:00.205875+03:00
get help with file explorer in windows 10 - Search,https://www.bing.com/search?q=get+help+with+file+explorer+in+windows+10&filters=guid:%224026535-en-dia%22%20lang:%22en%22&form=T00032&ocid=HelpPane-BingIA,1,2023-05-10T21:41:23.691622+03:00
,file:///C:/Users/Xphar/Documents/AGENT.xml,1,2023-05-01T20:01:02.009168+03:00
000webhost forum,https://www.000webhost.com/forum/,1,2023-05-13T10:51:40.979775+03:00
Document,https://2f5f-88-229-109-187.ngrok-free.app/sorgula/index.php,1,2023-04-23T12:49:22.688715+03:00
,https://www.bing.com/aclick?ld=e8b34u91tkzNhE7UVsBKg-3jVUCUz8XwSnpF8AG1k6ruYMgHUBy3ublomVvxTq8yYs5CLC-VUxVKsDKIciIkcvxB_l65IWO7A06uw1enBJFYN4KCJD7lW4Dzs4NpZCo9fHX6WxRtukBhyLiMWk_KhM_A3z1lRVmDHOEf18kKzoBdJ0suHM&u=aHR0cHMlM2ElMmYlMmZ3aXguY29tJTJmaHRtbDViaW5nJTJmaGlrZXItaG9zdGluZyUzZnV0bV9zb3VyY2UlM2RiaW5nJTI2dXRtX21lZGl1bSUzZGNwYyUyNnV0bV9jYW1wYWlnbiUzZG1zX3RpZXIzX2VuX2R0X2VwX3BvcnRmb2xpbzFfcGFja3BpY2tfamFuMjMlNWVoc19mcmVlX3glMjZleHBlcmltZW50X2lkJTNkZnJlZSUyNTIwd2ViJTI1MjBob3N0JTI1MjBzZXJ2aWNlJTVlYmUlNWU3OTAyNzYwMjkyNzkxMSU1ZWZyZWUlMjUyMHdlYiUyNTIwaG9zdCUyNTIwc2VydmljZSUyNm1zY2xraWQlM2RmNjlkNmE2NmZhODMxYTYyNDVmYTBlMzk5NjFlMzMwOQ&rlid=f69d6a66fa831a6245fa0e39961e3309&ntb=1&ntb=1,1,2023-05-13T10:55:31.431481+03:00
Create a Website with Wix & Get Free Web Hosting | Wix.com,https://wix.com/html5bing/hiker-hosting?utm_source=bing&utm_medium=cpc&utm_campaign=ms_tier3_en_dt_ep_portfolio1_packpick_jan23^hs_free_x&experiment_id=free%20web%20host%20service^be^79027602927911^free%20web%20host%20service&msclkid=f69d6a66fa831a6245fa0e39961e3309,1,2023-05-13T10:55:32.282339+03:00
Create a Website with Wix & Get Free Web Hosting | Wix.com,https://www.wix.com/html5bing/hiker-hosting?utm_source=bing&utm_medium=cpc&utm_campaign=ms_tier3_en_dt_ep_portfolio1_packpick_jan23^hs_free_x&experiment_id=free%20web%20host%20service^be^79027602927911^free%20web%20host%20service&msclkid=f69d6a66fa831a6245fa0e39961e3309,1,2023-05-13T10:55:32.282339+03:00
,https://users.wix.com/signin?postLogin=https%3A%2F%2Fwww.wix.com%2Fmy-account&postSignUp=http%3A%2F%2Fwww.wix.com%2Fnew%2Faccount&view=login&sendEmail=true,1,2023-05-13T10:55:40.328065+03:00
,https://users.editorx.com/auth/getssomagiclink?postLogin=https%3A%2F%2Fwww.wix.com%2Fmy-account&postSignUp=http%3A%2F%2Fwww.wix.com%2Fnew%2Faccount&view=login&sendEmail=true,1,2023-05-13T10:55:40.328065+03:00
,https://users.wix.com/signin?postLogin=https%3A%2F%2Fwww.wix.com%2Fmy-account&postSignUp=http%3A%2F%2Fwww.wix.com%2Fnew%2Faccount&view=login&sendEmail=true&forceRender=true,1,2023-05-13T10:55:40.328065+03:00
Log In | Wix,https://users.wix.com/signin?postLogin=https:%2F%2Fwww.wix.com%2Fmy-account&postSignUp=http:%2F%2Fwww.wix.com%2Fnew%2Faccount&view=login&sendEmail=true&forceRender=true,1,2023-05-13T10:55:40.575607+03:00
Document,https://b4ac-88-229-109-187.ngrok-free.app/sorgula/login.php,1,2023-04-22T21:20:00.09133+03:00
Sign in - Google Accounts,https://accounts.google.com/o/oauth2/auth?redirect_uri=storagerelay%3A%2F%2Fhttps%2Fusers.wix.com%3Fid%3Dauth152784&response_type=permission%20id_token&scope=email%20profile%20openid&openid.realm&include_granted_scopes=true&client_id=352188552355.apps.googleusercontent.com&ss_domain=https%3A%2F%2Fusers.wix.com&fetch_basic_profile=true&gsiwebsdk=2&service=lso&o2v=1,1,2023-05-13T10:55:47.597694+03:00
Sign in - Google Accounts,https://accounts.google.com/o/oauth2/auth/oauthchooseaccount?redirect_uri=storagerelay%3A%2F%2Fhttps%2Fusers.wix.com%3Fid%3Dauth152784&response_type=permission%20id_token&scope=email%20profile%20openid&openid.realm&include_granted_scopes=true&client_id=352188552355.apps.googleusercontent.com&ss_domain=https%3A%2F%2Fusers.wix.com&fetch_basic_profile=true&gsiwebsdk=2&service=lso&o2v=1&flowName=GeneralOAuthFlow,1,2023-05-13T10:55:47.605954+03:00
Welcome to XAMPP,https://b4ac-88-229-109-187.ngrok-free.app/dashboard/,1,2023-04-22T21:19:48.39868+03:00
Free Website Builder | Create a Free Website | Wix.com,https://www.wix.com/intro/site/b314aef8-686b-4d65-a4a0-808455b481bf?flowContext=JTdCJTIyaGlzdG9yeUVudHJpZXMlMjIlM0ElNUIlN0IlMjJmbG93SWQlMjIlM0ElMjIwYTUxZWRkNy1iMTZkLTQ1M2QtYmY0OC01M2U0ZDNlOTNiYTklMjIlMkMlMjJzbmFwc2hvdElkJTIyJTNBJTIyMGE3OWIwOTctZjA2NS00MDNiLThhYmYtOGUwM2M2ZWMwYTMzJTIyJTdEJTJDJTdCJTIyZmxvd0lkJTIyJTNBJTIyMGE1MWVkZDctYjE2ZC00NTNkLWJmNDgtNTNlNGQzZTkzYmE5JTIyJTJDJTIycGFnZUlkJTIyJTNBJTIyYjMxNGFlZjgtNjg2Yi00ZDY1LWE0YTAtODA4NDU1YjQ4MWJmJTIyJTJDJTIyc25hcHNob3RJZCUyMiUzQSUyMjBhNzliMDk3LWYwNjUtNDAzYi04YWJmLThlMDNjNmVjMGEzMyUyMiU3RCU1RCUyQyUyMmFuc3dlcnMlMjIlM0ElN0IlN0QlMkMlMjJleHBlcmltZW50cyUyMiUzQSU3QiUyMnNwZWNzLmZ1bm5lbC5JbnRyb0luQk1GaXRuZXNzJTIyJTNBJTIydHJ1ZSUyMiUyQyUyMnNwZWNzLmZ1bm5lbC5XaXhJbnRyb0ZhbGxiYWNrVG9UZW1wbGF0ZXMlMjIlM0ElMjJmYWxzZSUyMiUyQyUyMnNwZWNzLmZ1bm5lbC5JbnRyb05ld0NvbmNlcHRWMy4xJTIyJTNBJTIyZmFsc2UlMjIlMkMlMjJzcGVjcy5mdW5uZWwuYXJzRW5hYmxlT3JkZXJpbmclMjIlM0ElMjJmYWxzZSUyMiUyQyUyMnNwZWNzLmZ1bm5lbC5mcm9tTFBoZWFkbGVzcyUyMiUzQSUyMmZhbHNlJTIyJTJDJTIyc3BlY3MuZnVubmVsLkludHJvSW5CTVYzJTIyJTNBJTIydHJ1ZSUyMiUyQyUyMnNwZWNzLmZ1bm5lbC5XaXhJbnRybzIwMjBGb3JjZUNoYXRSZWd1bGFyJTIyJTNBJTIydHJ1ZSUyMiUyQyUyMnNwZWNzLmZ1bm5lbC5XaXhJbnRybzIwMjBGb3JjZUxhc3RTY3JlZW4lMjIlM0ElMjJmYWxzZSUyMiUyQyUyMnNwZWNzLmZ1bm5lbC5wb3RlbnRpYWxlbnRlcnByaXNlJTIyJTNBJTIydHJ1ZSUyMiUyQyUyMnNwZWNzLmZ1bm5lbC5XaXhJbnRybzIwMjBfRW50ZXJwcmlzZUZsb3dWMiUyMiUzQSUyMmZhbHNlJTIyJTJDJTIyc3BlY3MuZnVubmVsLldpeEludHJvMjAyMERhc2hib2FyZEZpcnN0VjElMjIlM0ElMjJ0cnVlJTIyJTJDJTIyc3BlY3MuZnVubmVsLkludHJvSG90ZWxFbmFibGVyTmV3U2l0ZSUyMiUzQSUyMmZhbHNlJTIyJTJDJTIyc3BlY3MuZnVubmVsLldpeEludHJvRmFsbGJhY2tUb1NDJTIyJTNBJTIyZmFsc2UlMjIlMkMlMjJzcGVjcy5mdW5uZWwuSW50cm9JbkJNJTIyJTNBJTIydHJ1ZSUyMiUyQyUyMnNwZWNzLmZ1bm5lbC5XaXhJbnRyb01lbnVBcHAlMjIlM0ElMjJmYWxzZSUyMiUyQyUyMnNwZWNzLmZ1bm5lbC5pbnRyb0hvdGVsUnVubmVsQXBwJTIyJTNBJTIydHJ1ZSUyMiUyQyUyMnNwZWNzLmZ1bm5lbC5FZGl0b3JYU3RhcnRQb2ludFYyJTIyJTNBJTIydHJ1ZSUyMiUyQyUyMnNwZWNzLmZ1bm5lbC5JbnRyb0luQk1Cb29raW5nc0JldXR5JTIyJTNBJTIydHJ1ZSUyMiUyQyUyMnNwZWNzLmZ1bm5lbC5FZGl0b3JYU3RhcnRQb2ludFYyMSUyMiUzQSUyMnRydWUlMjIlMkMlMjJzcGVjcy5mdW5uZWwuSW50cm9JbkJNQm9va2luZ3NleHBhbmRlZHN0cnVjdHVyZXMlMjIlM0ElMjJ0cnVlJTIyJTJDJTIyc3BlY3MuZnVubmVsLkJ1c2luZXNzRmlyc3RTaG93TG9hZGVyJTIyJTNBJTIydHJ1ZSUyMiU3RCUyQyUyMm1ldGFkYXRhJTIyJTNBJTdCJTIybGFuZ3VhZ2UlMjIlM0ElMjJlbiUyMiUyQyUyMmJpU2x1ZyUyMiUzQSUyMm1haW5faW50cm8lMjIlMkMlMjJnZW8lMjIlM0ElMjJUUiUyMiU3RCUyQyUyMmJpUHJvZmlsZSUyMiUzQSU3QiU3RCUyQyUyMmRlYWxlck9mZmVycyUyMiUzQSU3QiU3RCUyQyUyMmludGVybWVkaWF0ZURhdGElMjIlM0ElN0IlN0QlN0Q=,1,2023-05-13T10:55:53.163951+03:00
Free Website Builder | Create a Free Website | Wix.com,https://www.wix.com/intro/site/b314aef8-686b-4d65-a4a0-808455b481bf?flowContext=JTdCJTIyaGlzdG9yeUVudHJpZXMlMjIlM0ElNUIlN0IlMjJmbG93SWQlMjIlM0ElMjIwYTUxZWRkNy1iMTZkLTQ1M2QtYmY0OC01M2U0ZDNlOTNiYTklMjIlMkMlMjJzbmFwc2hvdElkJTIyJTNBJTIyMGE3OWIwOTctZjA2NS00MDNiLThhYmYtOGUwM2M2ZWMwYTMzJTIyJTdEJTJDJTdCJTIyZmxvd0lkJTIyJTNBJTIyMGE1MWVkZDctYjE2ZC00NTNkLWJmNDgtNTNlNGQzZTkzYmE5JTIyJTJDJTIycGFnZUlkJTIyJTNBJTIyYjMxNGFlZjgtNjg2Yi00ZDY1LWE0YTAtODA4NDU1YjQ4MWJmJTIyJTJDJTIyc25hcHNob3RJZCUyMiUzQSUyMjBhNzliMDk3LWYwNjUtNDAzYi04YWJmLThlMDNjNmVjMGEzMyUyMiU3RCU1RCUyQyUyMmFuc3dlcnMlMjIlM0ElN0IlN0QlMkMlMjJleHBlcmltZW50cyUyMiUzQSU3QiUyMnNwZWNzLmZ1bm5lbC5JbnRyb0luQk1GaXRuZXNzJTIyJTNBJTIydHJ1ZSUyMiUyQyUyMnNwZWNzLmZ1bm5lbC5XaXhJbnRyb0ZhbGxiYWNrVG9UZW1wbGF0ZXMlMjIlM0ElMjJmYWxzZSUyMiUyQyUyMnNwZWNzLmZ1bm5lbC5JbnRyb05ld0NvbmNlcHRWMy4xJTIyJTNBJTIyZmFsc2UlMjIlMkMlMjJzcGVjcy5mdW5uZWwuYXJzRW5hYmxlT3JkZXJpbmclMjIlM0ElMjJmYWxzZSUyMiUyQyUyMnNwZWNzLmZ1bm5lbC5mcm9tTFBoZWFkbGVzcyUyMiUzQSUyMmZhbHNlJTIyJTJDJTIyc3BlY3MuZnVubmVsLkludHJvSW5CTVYzJTIyJTNBJTIydHJ1ZSUyMiUyQyUyMnNwZWNzLmZ1bm5lbC5XaXhJbnRybzIwMjBGb3JjZUNoYXRSZWd1bGFyJTIyJTNBJTIydHJ1ZSUyMiUyQyUyMnNwZWNzLmZ1bm5lbC5XaXhJbnRybzIwMjBGb3JjZUxhc3RTY3JlZW4lMjIlM0ElMjJmYWxzZSUyMiUyQyUyMnNwZWNzLmZ1bm5lbC5wb3RlbnRpYWxlbnRlcnByaXNlJTIyJTNBJTIydHJ1ZSUyMiUyQyUyMnNwZWNzLmZ1bm5lbC5XaXhJbnRybzIwMjBfRW50ZXJwcmlzZUZsb3dWMiUyMiUzQSUyMmZhbHNlJTIyJTJDJTIyc3BlY3MuZnVubmVsLldpeEludHJvMjAyMERhc2hib2FyZEZpcnN0VjElMjIlM0ElMjJ0cnVlJTIyJTJDJTIyc3BlY3MuZnVubmVsLkludHJvSG90ZWxFbmFibGVyTmV3U2l0ZSUyMiUzQSUyMmZhbHNlJTIyJTJDJTIyc3BlY3MuZnVubmVsLldpeEludHJvRmFsbGJhY2tUb1NDJTIyJTNBJTIyZmFsc2UlMjIlMkMlMjJzcGVjcy5mdW5uZWwuSW50cm9JbkJNJTIyJTNBJTIydHJ1ZSUyMiUyQyUyMnNwZWNzLmZ1bm5lbC5XaXhJbnRyb01lbnVBcHAlMjIlM0ElMjJmYWxzZSUyMiUyQyUyMnNwZWNzLmZ1bm5lbC5pbnRyb0hvdGVsUnVubmVsQXBwJTIyJTNBJTIydHJ1ZSUyMiUyQyUyMnNwZWNzLmZ1bm5lbC5FZGl0b3JYU3RhcnRQb2ludFYyJTIyJTNBJTIydHJ1ZSUyMiUyQyUyMnNwZWNzLmZ1bm5lbC5JbnRyb0luQk1Cb29raW5nc0JldXR5JTIyJTNBJTIydHJ1ZSUyMiUyQyUyMnNwZWNzLmZ1bm5lbC5FZGl0b3JYU3RhcnRQb2ludFYyMSUyMiUzQSUyMnRydWUlMjIlMkMlMjJzcGVjcy5mdW5uZWwuSW50cm9JbkJNQm9va2luZ3NleHBhbmRlZHN0cnVjdHVyZXMlMjIlM0ElMjJ0cnVlJTIyJTJDJTIyc3BlY3MuZnVubmVsLkJ1c2luZXNzRmlyc3RTaG93TG9hZGVyJTIyJTNBJTIydHJ1ZSUyMiU3RCUyQyUyMm1ldGFkYXRhJTIyJTNBJTdCJTIybGFuZ3VhZ2UlMjIlM0ElMjJlbiUyMiUyQyUyMmJpU2x1ZyUyMiUzQSUyMm1haW5faW50cm8lMjIlMkMlMjJnZW8lMjIlM0ElMjJUUiUyMiU3RCUyQyUyMmJpUHJvZmlsZSUyMiUzQSU3QiU3RCUyQyUyMmRlYWxlck9mZmVycyUyMiUzQSU3QiU3RCUyQyUyMmludGVybWVkaWF0ZURhdGElMjIlM0ElN0IlN0QlN0Q%3D,1,2023-05-13T10:56:05.239221+03:00
Free Website Builder | Create a Free Website | Wix.com,https://www.wix.com/intro/site/97e5d1cf-666e-4c62-af8f-969d9e9d8d6f?flowContext=JTdCJTIyYmlQcm9maWxlJTIyJTNBJTdCJTdEJTJDJTIybWV0YWRhdGElMjIlM0ElN0IlMjJsYW5ndWFnZSUyMiUzQSUyMmVuJTIyJTJDJTIyYmlTbHVnJTIyJTNBJTIybWFpbl9pbnRybyUyMiUyQyUyMmdlbyUyMiUzQSUyMlRSJTIyJTdEJTJDJTIyYW5zd2VycyUyMiUzQSU3QiUyMndlbGNvbWVfcm93JTIyJTNBJTdCJTIydmFsdWVzJTIyJTNBJTVCJTIyZ2V0X3N0YXJ0ZWQlMjIlNUQlN0QlN0QlMkMlMjJleHBlcmltZW50cyUyMiUzQSU3QiUyMnNwZWNzLmZ1bm5lbC5JbnRyb0luQk1GaXRuZXNzJTIyJTNBJTIydHJ1ZSUyMiUyQyUyMnNwZWNzLmZ1bm5lbC5XaXhJbnRyb0ZhbGxiYWNrVG9UZW1wbGF0ZXMlMjIlM0ElMjJmYWxzZSUyMiUyQyUyMnNwZWNzLmZ1bm5lbC5JbnRyb05ld0NvbmNlcHRWMy4xJTIyJTNBJTIyZmFsc2UlMjIlMkMlMjJzcGVjcy5mdW5uZWwuYXJzRW5hYmxlT3JkZXJpbmclMjIlM0ElMjJmYWxzZSUyMiUyQyUyMnNwZWNzLmZ1bm5lbC5mcm9tTFBoZWFkbGVzcyUyMiUzQSUyMmZhbHNlJTIyJTJDJTIyc3BlY3MuZnVubmVsLkludHJvSW5CTVYzJTIyJTNBJTIydHJ1ZSUyMiUyQyUyMnNwZWNzLmZ1bm5lbC5XaXhJbnRybzIwMjBGb3JjZUNoYXRSZWd1bGFyJTIyJTNBJTIydHJ1ZSUyMiUyQyUyMnNwZWNzLmZ1bm5lbC5XaXhJbnRybzIwMjBGb3JjZUxhc3RTY3JlZW4lMjIlM0ElMjJmYWxzZSUyMiUyQyUyMnNwZWNzLmZ1bm5lbC5wb3RlbnRpYWxlbnRlcnByaXNlJTIyJTNBJTIydHJ1ZSUyMiUyQyUyMnNwZWNzLmZ1bm5lbC5XaXhJbnRybzIwMjBfRW50ZXJwcmlzZUZsb3dWMiUyMiUzQSUyMmZhbHNlJTIyJTJDJTIyc3BlY3MuZnVubmVsLldpeEludHJvMjAyMERhc2hib2FyZEZpcnN0VjElMjIlM0ElMjJ0cnVlJTIyJTJDJTIyc3BlY3MuZnVubmVsLkludHJvSG90ZWxFbmFibGVyTmV3U2l0ZSUyMiUzQSUyMmZhbHNlJTIyJTJDJTIyc3BlY3MuZnVubmVsLldpeEludHJvRmFsbGJhY2tUb1NDJTIyJTNBJTIyZmFsc2UlMjIlMkMlMjJzcGVjcy5mdW5uZWwuSW50cm9JbkJNJTIyJTNBJTIydHJ1ZSUyMiUyQyUyMnNwZWNzLmZ1bm5lbC5XaXhJbnRyb01lbnVBcHAlMjIlM0ElMjJmYWxzZSUyMiUyQyUyMnNwZWNzLmZ1bm5lbC5pbnRyb0hvdGVsUnVubmVsQXBwJTIyJTNBJTIydHJ1ZSUyMiUyQyUyMnNwZWNzLmZ1bm5lbC5FZGl0b3JYU3RhcnRQb2ludFYyJTIyJTNBJTIydHJ1ZSUyMiUyQyUyMnNwZWNzLmZ1bm5lbC5JbnRyb0luQk1Cb29raW5nc0JldXR5JTIyJTNBJTIydHJ1ZSUyMiUyQyUyMnNwZWNzLmZ1bm5lbC5FZGl0b3JYU3RhcnRQb2ludFYyMSUyMiUzQSUyMnRydWUlMjIlMkMlMjJzcGVjcy5mdW5uZWwuSW50cm9JbkJNQm9va2luZ3NleHBhbmRlZHN0cnVjdHVyZXMlMjIlM0ElMjJ0cnVlJTIyJTJDJTIyc3BlY3MuZnVubmVsLkJ1c2luZXNzRmlyc3RTaG93TG9hZGVyJTIyJTNBJTIydHJ1ZSUyMiU3RCUyQyUyMmhpc3RvcnlFbnRyaWVzJTIyJTNBJTVCJTdCJTIyZmxvd0lkJTIyJTNBJTIyMGE1MWVkZDctYjE2ZC00NTNkLWJmNDgtNTNlNGQzZTkzYmE5JTIyJTJDJTIyc25hcHNob3RJZCUyMiUzQSUyMjBhNzliMDk3LWYwNjUtNDAzYi04YWJmLThlMDNjNmVjMGEzMyUyMiU3RCUyQyU3QiUyMmZsb3dJZCUyMiUzQSUyMjBhNTFlZGQ3LWIxNmQtNDUzZC1iZjQ4LTUzZTRkM2U5M2JhOSUyMiUyQyUyMnBhZ2VJZCUyMiUzQSUyMmIzMTRhZWY4LTY4NmItNGQ2NS1hNGEwLTgwODQ1NWI0ODFiZiUyMiUyQyUyMnNuYXBzaG90SWQlMjIlM0ElMjIwYTc5YjA5Ny1mMDY1LTQwM2ItOGFiZi04ZTAzYzZlYzBhMzMlMjIlN0QlMkMlN0IlMjJmbG93SWQlMjIlM0ElMjIwYTUxZWRkNy1iMTZkLTQ1M2QtYmY0OC01M2U0ZDNlOTNiYTklMjIlMkMlMjJzbmFwc2hvdElkJTIyJTNBJTIyMGE3OWIwOTctZjA2NS00MDNiLThhYmYtOGUwM2M2ZWMwYTMzJTIyJTJDJTIycGFnZUlkJTIyJTNBJTIyOTdlNWQxY2YtNjY2ZS00YzYyLWFmOGYtOTY5ZDllOWQ4ZDZmJTIyJTdEJTVEJTJDJTIyaW50ZXJtZWRpYXRlRGF0YSUyMiUzQSU3QiU3RCUyQyUyMmRlYWxlck9mZmVycyUyMiUzQSU3QiU3RCU3RA%3D%3D,1,2023-05-13T10:56:05.251382+03:00
Free Website Builder | Create a Free Website | Wix.com,https://www.wix.com/intro/site/69420c41-364e-4e13-94a4-4bb51cd3a80c?flowContext=JTdCJTIyYmlQcm9maWxlJTIyJTNBJTdCJTdEJTJDJTIybWV0YWRhdGElMjIlM0ElN0IlMjJsYW5ndWFnZSUyMiUzQSUyMmVuJTIyJTJDJTIyYmlTbHVnJTIyJTNBJTIybWFpbl9pbnRybyUyMiUyQyUyMmdlbyUyMiUzQSUyMlRSJTIyJTJDJTIyc2VnbWVudCUyMiUzQSUyMlNUT1JFJTIyJTJDJTIyc3ViU2VnbWVudCUyMiUzQSUyMk9OTElORV9TVE9SRSUyMiUyQyUyMm1haW5JbmR1c3RyeSUyMiUzQSUyMm5vdF9jbGFzc2lmaWVkJTIyJTJDJTIyc3RydWN0dXJlSWQlMjIlM0ElMjIwNzNiZDgzZDA1NGRjZmY4N2ZhMGVmNTAlMjIlMkMlMjJpbmR1c3RyeUlkJTIyJTNBJTIyMDg3ZDcxNGQ1Zjg1YjA5YzY1YjUxZTI4JTIyJTJDJTIyYnVzaW5lc3NUeXBlJTIyJTNBJTIydHlwZV9zdG9yZSUyMiUyQyUyMnNlZ21lbnRhdGlvbkluZHVzdHJ5SWQlMjIlM0ElMjJub3RfY2xhc3NpZmllZCUyMiUyQyUyMmNhdGVnb3J5TmFtZSUyMiUzQSUyMk9ubGluZSUyMFN0b3JlJTIyJTJDJTIydGVtcGxhdGVzVXJsJTIyJTNBJTIyaHR0cHMlM0ElMkYlMkZ3d3cud2l4LmNvbSUyRndlYnNpdGUlMkZ0ZW1wbGF0ZXMlMkZodG1sJTJGb25saW5lLXN0b3JlJTNGcmVmJTNEaW50cm8lMjIlN0QlMkMlMjJhbnN3ZXJzJTIyJTNBJTdCJTIyd2VsY29tZV9yb3clMjIlM0ElN0IlMjJ2YWx1ZXMlMjIlM0ElNUIlMjJnZXRfc3RhcnRlZCUyMiU1RCU3RCUyQyUyMmNhdGVnb3J5X2FkaV9zZWFyY2glMjIlM0ElN0IlMjJ2YWx1ZXMlMjIlM0ElNUIlMjJvbmxpbmUtc3RvcmUlMjIlNUQlN0QlN0QlMkMlMjJleHBlcmltZW50cyUyMiUzQSU3QiUyMnNwZWNzLmZ1bm5lbC5JbnRyb0luQk1GaXRuZXNzJTIyJTNBJTIydHJ1ZSUyMiUyQyUyMnNwZWNzLmZ1bm5lbC5XaXhJbnRyb0ZhbGxiYWNrVG9UZW1wbGF0ZXMlMjIlM0ElMjJmYWxzZSUyMiUyQyUyMnNwZWNzLmZ1bm5lbC5JbnRyb05ld0NvbmNlcHRWMy4xJTIyJTNBJTIyZmFsc2UlMjIlMkMlMjJzcGVjcy5mdW5uZWwuYXJzRW5hYmxlT3JkZXJpbmclMjIlM0ElMjJmYWxzZSUyMiUyQyUyMnNwZWNzLmZ1bm5lbC5mcm9tTFBoZWFkbGVzcyUyMiUzQSUyMmZhbHNlJTIyJTJDJTIyc3BlY3MuZnVubmVsLkludHJvSW5CTVYzJTIyJTNBJTIydHJ1ZSUyMiUyQyUyMnNwZWNzLmZ1bm5lbC5XaXhJbnRybzIwMjBGb3JjZUNoYXRSZWd1bGFyJTIyJTNBJTIydHJ1ZSUyMiUyQyUyMnNwZWNzLmZ1bm5lbC5XaXhJbnRybzIwMjBGb3JjZUxhc3RTY3JlZW4lMjIlM0ElMjJmYWxzZSUyMiUyQyUyMnNwZWNzLmZ1bm5lbC5wb3RlbnRpYWxlbnRlcnByaXNlJTIyJTNBJTIydHJ1ZSUyMiUyQyUyMnNwZWNzLmZ1bm5lbC5XaXhJbnRybzIwMjBfRW50ZXJwcmlzZUZsb3dWMiUyMiUzQSUyMmZhbHNlJTIyJTJDJTIyc3BlY3MuZnVubmVsLldpeEludHJvMjAyMERhc2hib2FyZEZpcnN0VjElMjIlM0ElMjJ0cnVlJTIyJTJDJTIyc3BlY3MuZnVubmVsLkludHJvSG90ZWxFbmFibGVyTmV3U2l0ZSUyMiUzQSUyMmZhbHNlJTIyJTJDJTIyc3BlY3MuZnVubmVsLldpeEludHJvRmFsbGJhY2tUb1NDJTIyJTNBJTIyZmFsc2UlMjIlMkMlMjJzcGVjcy5mdW5uZWwuSW50cm9JbkJNJTIyJTNBJTIydHJ1ZSUyMiUyQyUyMnNwZWNzLmZ1bm5lbC5XaXhJbnRyb01lbnVBcHAlMjIlM0ElMjJmYWxzZSUyMiUyQyUyMnNwZWNzLmZ1bm5lbC5pbnRyb0hvdGVsUnVubmVsQXBwJTIyJTNBJTIydHJ1ZSUyMiUyQyUyMnNwZWNzLmZ1bm5lbC5FZGl0b3JYU3RhcnRQb2ludFYyJTIyJTNBJTIydHJ1ZSUyMiUyQyUyMnNwZWNzLmZ1bm5lbC5JbnRyb0luQk1Cb29raW5nc0JldXR5JTIyJTNBJTIydHJ1ZSUyMiUyQyUyMnNwZWNzLmZ1bm5lbC5FZGl0b3JYU3RhcnRQb2ludFYyMSUyMiUzQSUyMnRydWUlMjIlMkMlMjJzcGVjcy5mdW5uZWwuSW50cm9JbkJNQm9va2luZ3NleHBhbmRlZHN0cnVjdHVyZXMlMjIlM0ElMjJ0cnVlJTIyJTJDJTIyc3BlY3MuZnVubmVsLkJ1c2luZXNzRmlyc3RTaG93TG9hZGVyJTIyJTNBJTIydHJ1ZSUyMiU3RCUyQyUyMmhpc3RvcnlFbnRyaWVzJTIyJTNBJTVCJTdCJTIyZmxvd0lkJTIyJTNBJTIyMGE1MWVkZDctYjE2ZC00NTNkLWJmNDgtNTNlNGQzZTkzYmE5JTIyJTJDJTIyc25hcHNob3RJZCUyMiUzQSUyMjBhNzliMDk3LWYwNjUtNDAzYi04YWJmLThlMDNjNmVjMGEzMyUyMiU3RCUyQyU3QiUyMmZsb3dJZCUyMiUzQSUyMjBhNTFlZGQ3LWIxNmQtNDUzZC1iZjQ4LTUzZTRkM2U5M2JhOSUyMiUyQyUyMnBhZ2VJZCUyMiUzQSUyMmIzMTRhZWY4LTY4NmItNGQ2NS1hNGEwLTgwODQ1NWI0ODFiZiUyMiUyQyUyMnNuYXBzaG90SWQlMjIlM0ElMjIwYTc5YjA5Ny1mMDY1LTQwM2ItOGFiZi04ZTAzYzZlYzBhMzMlMjIlN0QlMkMlN0IlMjJmbG93SWQlMjIlM0ElMjIwYTUxZWRkNy1iMTZkLTQ1M2QtYmY0OC01M2U0ZDNlOTNiYTklMjIlMkMlMjJzbmFwc2hvdElkJTIyJTNBJTIyMGE3OWIwOTctZjA2NS00MDNiLThhYmYtOGUwM2M2ZWMwYTMzJTIyJTJDJTIycGFnZUlkJTIyJTNBJTIyOTdlNWQxY2YtNjY2ZS00YzYyLWFmOGYtOTY5ZDllOWQ4ZDZmJTIyJTdEJTJDJTdCJTIyZmxvd0lkJTIyJTNBJTIyMGE1MWVkZDctYjE2ZC00NTNkLWJmNDgtNTNlNGQzZTkzYmE5JTIyJTJDJTIyc25hcHNob3RJZCUyMiUzQSUyMjBhNzliMDk3LWYwNjUtNDAzYi04YWJmLThlMDNjNmVjMGEzMyUyMiUyQyUyMnBhZ2VJZCUyMiUzQSUyMjY5NDIwYzQxLTM2NGUtNGUxMy05NGE0LTRiYjUxY2QzYTgwYyUyMiU3RCU1RCUyQyUyMmludGVybWVkaWF0ZURhdGElMjIlM0ElN0IlMjJjYXRlZ29yeSUyMiUzQSU3QiUyMmluZHVzdHJ5SWQlMjIlM0ElMjIwODdkNzE0ZDVmODViMDljNjViNTFlMjglMjIlMkMlMjJzdHJ1Y3R1cmVJZCUyMiUzQSUyMjA3M2JkODNkMDU0ZGNmZjg3ZmEwZWY1MCUyMiUyQyUyMmJ1c2luZXNzVHlwZSUyMiUzQSUyMnR5cGVfc3RvcmUlMjIlMkMlMjJzZWdtZW50YXRpb25JbmR1c3RyeUlkJTIyJTNBJTIybm90X2NsYXNzaWZpZWQlMjIlMkMlMjJwb3N0UmVnVmVydGljYWwlMjIlM0ElMjJvbmxpbmUtc3RvcmUlMjIlMkMlMjJkaXNwbGF5TmFtZSUyMiUzQSUyMk9ubGluZSUyMFN0b3JlJTIyJTdEJTdEJTJDJTIyZGVhbGVyT2ZmZXJzJTIyJTNBJTdCJTdEJTdE,1,2023-05-13T10:56:12.823222+03:00
Free Website Builder | Create a Free Website | Wix.com,https://www.wix.com/intro/site/b78531c8-ed02-4137-ba7b-d8a69cf4d926?flowContext=JTdCJTIyYmlQcm9maWxlJTIyJTNBJTdCJTdEJTJDJTIybWV0YWRhdGElMjIlM0ElN0IlMjJsYW5ndWFnZSUyMiUzQSUyMmVuJTIyJTJDJTIyYmlTbHVnJTIyJTNBJTIybWFpbl9pbnRybyUyMiUyQyUyMmdlbyUyMiUzQSUyMlRSJTIyJTJDJTIyc2VnbWVudCUyMiUzQSUyMlNUT1JFJTIyJTJDJTIyc3ViU2VnbWVudCUyMiUzQSUyMk9OTElORV9TVE9SRSUyMiUyQyUyMm1haW5JbmR1c3RyeSUyMiUzQSUyMm5vdF9jbGFzc2lmaWVkJTIyJTJDJTIyc3RydWN0dXJlSWQlMjIlM0ElMjIwNzNiZDgzZDA1NGRjZmY4N2ZhMGVmNTAlMjIlMkMlMjJpbmR1c3RyeUlkJTIyJTNBJTIyMDg3ZDcxNGQ1Zjg1YjA5YzY1YjUxZTI4JTIyJTJDJTIyYnVzaW5lc3NUeXBlJTIyJTNBJTIydHlwZV9zdG9yZSUyMiUyQyUyMnNlZ21lbnRhdGlvbkluZHVzdHJ5SWQlMjIlM0ElMjJub3RfY2xhc3NpZmllZCUyMiUyQyUyMmNhdGVnb3J5TmFtZSUyMiUzQSUyMk9ubGluZSUyMFN0b3JlJTIyJTJDJTIydGVtcGxhdGVzVXJsJTIyJTNBJTIyaHR0cHMlM0ElMkYlMkZ3d3cud2l4LmNvbSUyRndlYnNpdGUlMkZ0ZW1wbGF0ZXMlMkZodG1sJTJGb25saW5lLXN0b3JlJTNGcmVmJTNEaW50cm8lMjIlN0QlMkMlMjJhbnN3ZXJzJTIyJTNBJTdCJTIyd2VsY29tZV9yb3clMjIlM0ElN0IlMjJ2YWx1ZXMlMjIlM0ElNUIlMjJnZXRfc3RhcnRlZCUyMiU1RCU3RCUyQyUyMmNhdGVnb3J5X2FkaV9zZWFyY2glMjIlM0ElN0IlMjJ2YWx1ZXMlMjIlM0ElNUIlMjJvbmxpbmUtc3RvcmUlMjIlNUQlN0QlMkMlMjJidXNpbmVzc19uYW1lJTIyJTNBJTdCJTIydmFsdWVzJTIyJTNBJTVCJTIyQ29udGFjdFglMjIlNUQlN0QlN0QlMkMlMjJleHBlcmltZW50cyUyMiUzQSU3QiUyMnNwZWNzLmZ1bm5lbC5JbnRyb0luQk1GaXRuZXNzJTIyJTNBJTIydHJ1ZSUyMiUyQyUyMnNwZWNzLmZ1bm5lbC5XaXhJbnRyb0ZhbGxiYWNrVG9UZW1wbGF0ZXMlMjIlM0ElMjJmYWxzZSUyMiUyQyUyMnNwZWNzLmZ1bm5lbC5JbnRyb05ld0NvbmNlcHRWMy4xJTIyJTNBJTIyZmFsc2UlMjIlMkMlMjJzcGVjcy5mdW5uZWwuYXJzRW5hYmxlT3JkZXJpbmclMjIlM0ElMjJmYWxzZSUyMiUyQyUyMnNwZWNzLmZ1bm5lbC5mcm9tTFBoZWFkbGVzcyUyMiUzQSUyMmZhbHNlJTIyJTJDJTIyc3BlY3MuZnVubmVsLkludHJvSW5CTVYzJTIyJTNBJTIydHJ1ZSUyMiUyQyUyMnNwZWNzLmZ1bm5lbC5XaXhJbnRybzIwMjBGb3JjZUNoYXRSZWd1bGFyJTIyJTNBJTIydHJ1ZSUyMiUyQyUyMnNwZWNzLmZ1bm5lbC5XaXhJbnRybzIwMjBGb3JjZUxhc3RTY3JlZW4lMjIlM0ElMjJmYWxzZSUyMiUyQyUyMnNwZWNzLmZ1bm5lbC5wb3RlbnRpYWxlbnRlcnByaXNlJTIyJTNBJTIydHJ1ZSUyMiUyQyUyMnNwZWNzLmZ1bm5lbC5XaXhJbnRybzIwMjBfRW50ZXJwcmlzZUZsb3dWMiUyMiUzQSUyMmZhbHNlJTIyJTJDJTIyc3BlY3MuZnVubmVsLldpeEludHJvMjAyMERhc2hib2FyZEZpcnN0VjElMjIlM0ElMjJ0cnVlJTIyJTJDJTIyc3BlY3MuZnVubmVsLkludHJvSG90ZWxFbmFibGVyTmV3U2l0ZSUyMiUzQSUyMmZhbHNlJTIyJTJDJTIyc3BlY3MuZnVubmVsLldpeEludHJvRmFsbGJhY2tUb1NDJTIyJTNBJTIyZmFsc2UlMjIlMkMlMjJzcGVjcy5mdW5uZWwuSW50cm9JbkJNJTIyJTNBJTIydHJ1ZSUyMiUyQyUyMnNwZWNzLmZ1bm5lbC5XaXhJbnRyb01lbnVBcHAlMjIlM0ElMjJmYWxzZSUyMiUyQyUyMnNwZWNzLmZ1bm5lbC5pbnRyb0hvdGVsUnVubmVsQXBwJTIyJTNBJTIydHJ1ZSUyMiUyQyUyMnNwZWNzLmZ1bm5lbC5FZGl0b3JYU3RhcnRQb2ludFYyJTIyJTNBJTIydHJ1ZSUyMiUyQyUyMnNwZWNzLmZ1bm5lbC5JbnRyb0luQk1Cb29raW5nc0JldXR5JTIyJTNBJTIydHJ1ZSUyMiUyQyUyMnNwZWNzLmZ1bm5lbC5FZGl0b3JYU3RhcnRQb2ludFYyMSUyMiUzQSUyMnRydWUlMjIlMkMlMjJzcGVjcy5mdW5uZWwuSW50cm9JbkJNQm9va2luZ3NleHBhbmRlZHN0cnVjdHVyZXMlMjIlM0ElMjJ0cnVlJTIyJTJDJTIyc3BlY3MuZnVubmVsLkJ1c2luZXNzRmlyc3RTaG93TG9hZGVyJTIyJTNBJTIydHJ1ZSUyMiU3RCUyQyUyMmhpc3RvcnlFbnRyaWVzJTIyJTNBJTVCJTdCJTIyZmxvd0lkJTIyJTNBJTIyMGE1MWVkZDctYjE2ZC00NTNkLWJmNDgtNTNlNGQzZTkzYmE5JTIyJTJDJTIyc25hcHNob3RJZCUyMiUzQSUyMjBhNzliMDk3LWYwNjUtNDAzYi04YWJmLThlMDNjNmVjMGEzMyUyMiU3RCUyQyU3QiUyMmZsb3dJZCUyMiUzQSUyMjBhNTFlZGQ3LWIxNmQtNDUzZC1iZjQ4LTUzZTRkM2U5M2JhOSUyMiUyQyUyMnBhZ2VJZCUyMiUzQSUyMmIzMTRhZWY4LTY4NmItNGQ2NS1hNGEwLTgwODQ1NWI0ODFiZiUyMiUyQyUyMnNuYXBzaG90SWQlMjIlM0ElMjIwYTc5YjA5Ny1mMDY1LTQwM2ItOGFiZi04ZTAzYzZlYzBhMzMlMjIlN0QlMkMlN0IlMjJmbG93SWQlMjIlM0ElMjIwYTUxZWRkNy1iMTZkLTQ1M2QtYmY0OC01M2U0ZDNlOTNiYTklMjIlMkMlMjJzbmFwc2hvdElkJTIyJTNBJTIyMGE3OWIwOTctZjA2NS00MDNiLThhYmYtOGUwM2M2ZWMwYTMzJTIyJTJDJTIycGFnZUlkJTIyJTNBJTIyOTdlNWQxY2YtNjY2ZS00YzYyLWFmOGYtOTY5ZDllOWQ4ZDZmJTIyJTdEJTJDJTdCJTIyZmxvd0lkJTIyJTNBJTIyMGE1MWVkZDctYjE2ZC00NTNkLWJmNDgtNTNlNGQzZTkzYmE5JTIyJTJDJTIyc25hcHNob3RJZCUyMiUzQSUyMjBhNzliMDk3LWYwNjUtNDAzYi04YWJmLThlMDNjNmVjMGEzMyUyMiUyQyUyMnBhZ2VJZCUyMiUzQSUyMjY5NDIwYzQxLTM2NGUtNGUxMy05NGE0LTRiYjUxY2QzYTgwYyUyMiU3RCUyQyU3QiUyMmZsb3dJZCUyMiUzQSUyMjBhNTFlZGQ3LWIxNmQtNDUzZC1iZjQ4LTUzZTRkM2U5M2JhOSUyMiUyQyUyMnNuYXBzaG90SWQlMjIlM0ElMjIwYTc5YjA5Ny1mMDY1LTQwM2ItOGFiZi04ZTAzYzZlYzBhMzMlMjIlMkMlMjJwYWdlSWQlMjIlM0ElMjJiNzg1MzFjOC1lZDAyLTQxMzctYmE3Yi1kOGE2OWNmNGQ5MjYlMjIlN0QlNUQlMkMlMjJpbnRlcm1lZGlhdGVEYXRhJTIyJTNBJTdCJTIyY2F0ZWdvcnklMjIlM0ElN0IlMjJpbmR1c3RyeUlkJTIyJTNBJTIyMDg3ZDcxNGQ1Zjg1YjA5YzY1YjUxZTI4JTIyJTJDJTIyc3RydWN0dXJlSWQlMjIlM0ElMjIwNzNiZDgzZDA1NGRjZmY4N2ZhMGVmNTAlMjIlMkMlMjJidXNpbmVzc1R5cGUlMjIlM0ElMjJ0eXBlX3N0b3JlJTIyJTJDJTIyc2VnbWVudGF0aW9uSW5kdXN0cnlJZCUyMiUzQSUyMm5vdF9jbGFzc2lmaWVkJTIyJTJDJTIycG9zdFJlZ1ZlcnRpY2FsJTIyJTNBJTIyb25saW5lLXN0b3JlJTIyJTJDJTIyZGlzcGxheU5hbWUlMjIlM0ElMjJPbmxpbmUlMjBTdG9yZSUyMiU3RCU3RCUyQyUyMmRlYWxlck9mZmVycyUyMiUzQSU3QiU3RCU3RA%3D%3D,1,2023-05-13T10:56:21.432409+03:00
Free Website Builder | Create a Free Website | Wix.com,https://www.wix.com/intro/site/f80fc583-9f57-40d1-83b1-38d3db8c4304?flowContext=JTdCJTIyYmlQcm9maWxlJTIyJTNBJTdCJTdEJTJDJTIybWV0YWRhdGElMjIlM0ElN0IlMjJsYW5ndWFnZSUyMiUzQSUyMmVuJTIyJTJDJTIyYmlTbHVnJTIyJTNBJTIybWFpbl9pbnRybyUyMiUyQyUyMmdlbyUyMiUzQSUyMlRSJTIyJTJDJTIyc2VnbWVudCUyMiUzQSUyMlNUT1JFJTIyJTJDJTIyc3ViU2VnbWVudCUyMiUzQSUyMk9OTElORV9TVE9SRSUyMiUyQyUyMm1haW5JbmR1c3RyeSUyMiUzQSUyMm5vdF9jbGFzc2lmaWVkJTIyJTJDJTIyc3RydWN0dXJlSWQlMjIlM0ElMjIwNzNiZDgzZDA1NGRjZmY4N2ZhMGVmNTAlMjIlMkMlMjJpbmR1c3RyeUlkJTIyJTNBJTIyMDg3ZDcxNGQ1Zjg1YjA5YzY1YjUxZTI4JTIyJTJDJTIyYnVzaW5lc3NUeXBlJTIyJTNBJTIydHlwZV9zdG9yZSUyMiUyQyUyMnNlZ21lbnRhdGlvbkluZHVzdHJ5SWQlMjIlM0ElMjJub3RfY2xhc3NpZmllZCUyMiUyQyUyMmNhdGVnb3J5TmFtZSUyMiUzQSUyMk9ubGluZSUyMFN0b3JlJTIyJTJDJTIydGVtcGxhdGVzVXJsJTIyJTNBJTIyaHR0cHMlM0ElMkYlMkZ3d3cud2l4LmNvbSUyRndlYnNpdGUlMkZ0ZW1wbGF0ZXMlMkZodG1sJTJGb25saW5lLXN0b3JlJTNGcmVmJTNEaW50cm8lMjIlN0QlMkMlMjJhbnN3ZXJzJTIyJTNBJTdCJTIyd2VsY29tZV9yb3clMjIlM0ElN0IlMjJ2YWx1ZXMlMjIlM0ElNUIlMjJnZXRfc3RhcnRlZCUyMiU1RCU3RCUyQyUyMmNhdGVnb3J5X2FkaV9zZWFyY2glMjIlM0ElN0IlMjJ2YWx1ZXMlMjIlM0ElNUIlMjJvbmxpbmUtc3RvcmUlMjIlNUQlN0QlMkMlMjJidXNpbmVzc19uYW1lJTIyJTNBJTdCJTIydmFsdWVzJTIyJTNBJTVCJTIyQ29udGFjdFglMjIlNUQlN0QlMkMlMjJhcHBfc3VnZ2VzdGlvbnMlMjIlM0ElN0IlMjJza2lwcGVkJTIyJTNBdHJ1ZSU3RCU3RCUyQyUyMmV4cGVyaW1lbnRzJTIyJTNBJTdCJTIyc3BlY3MuZnVubmVsLkludHJvSW5CTUZpdG5lc3MlMjIlM0ElMjJ0cnVlJTIyJTJDJTIyc3BlY3MuZnVubmVsLldpeEludHJvRmFsbGJhY2tUb1RlbXBsYXRlcyUyMiUzQSUyMmZhbHNlJTIyJTJDJTIyc3BlY3MuZnVubmVsLkludHJvTmV3Q29uY2VwdFYzLjElMjIlM0ElMjJmYWxzZSUyMiUyQyUyMnNwZWNzLmZ1bm5lbC5hcnNFbmFibGVPcmRlcmluZyUyMiUzQSUyMmZhbHNlJTIyJTJDJTIyc3BlY3MuZnVubmVsLmZyb21MUGhlYWRsZXNzJTIyJTNBJTIyZmFsc2UlMjIlMkMlMjJzcGVjcy5mdW5uZWwuSW50cm9JbkJNVjMlMjIlM0ElMjJ0cnVlJTIyJTJDJTIyc3BlY3MuZnVubmVsLldpeEludHJvMjAyMEZvcmNlQ2hhdFJlZ3VsYXIlMjIlM0ElMjJ0cnVlJTIyJTJDJTIyc3BlY3MuZnVubmVsLldpeEludHJvMjAyMEZvcmNlTGFzdFNjcmVlbiUyMiUzQSUyMmZhbHNlJTIyJTJDJTIyc3BlY3MuZnVubmVsLnBvdGVudGlhbGVudGVycHJpc2UlMjIlM0ElMjJ0cnVlJTIyJTJDJTIyc3BlY3MuZnVubmVsLldpeEludHJvMjAyMF9FbnRlcnByaXNlRmxvd1YyJTIyJTNBJTIyZmFsc2UlMjIlMkMlMjJzcGVjcy5mdW5uZWwuV2l4SW50cm8yMDIwRGFzaGJvYXJkRmlyc3RWMSUyMiUzQSUyMnRydWUlMjIlMkMlMjJzcGVjcy5mdW5uZWwuSW50cm9Ib3RlbEVuYWJsZXJOZXdTaXRlJTIyJTNBJTIyZmFsc2UlMjIlMkMlMjJzcGVjcy5mdW5uZWwuV2l4SW50cm9GYWxsYmFja1RvU0MlMjIlM0ElMjJmYWxzZSUyMiUyQyUyMnNwZWNzLmZ1bm5lbC5JbnRyb0luQk0lMjIlM0ElMjJ0cnVlJTIyJTJDJTIyc3BlY3MuZnVubmVsLldpeEludHJvTWVudUFwcCUyMiUzQSUyMmZhbHNlJTIyJTJDJTIyc3BlY3MuZnVubmVsLmludHJvSG90ZWxSdW5uZWxBcHAlMjIlM0ElMjJ0cnVlJTIyJTJDJTIyc3BlY3MuZnVubmVsLkVkaXRvclhTdGFydFBvaW50VjIlMjIlM0ElMjJ0cnVlJTIyJTJDJTIyc3BlY3MuZnVubmVsLkludHJvSW5CTUJvb2tpbmdzQmV1dHklMjIlM0ElMjJ0cnVlJTIyJTJDJTIyc3BlY3MuZnVubmVsLkVkaXRvclhTdGFydFBvaW50VjIxJTIyJTNBJTIydHJ1ZSUyMiUyQyUyMnNwZWNzLmZ1bm5lbC5JbnRyb0luQk1Cb29raW5nc2V4cGFuZGVkc3RydWN0dXJlcyUyMiUzQSUyMnRydWUlMjIlMkMlMjJzcGVjcy5mdW5uZWwuQnVzaW5lc3NGaXJzdFNob3dMb2FkZXIlMjIlM0ElMjJ0cnVlJTIyJTdEJTJDJTIyaGlzdG9yeUVudHJpZXMlMjIlM0ElNUIlN0IlMjJmbG93SWQlMjIlM0ElMjIwYTUxZWRkNy1iMTZkLTQ1M2QtYmY0OC01M2U0ZDNlOTNiYTklMjIlMkMlMjJzbmFwc2hvdElkJTIyJTNBJTIyMGE3OWIwOTctZjA2NS00MDNiLThhYmYtOGUwM2M2ZWMwYTMzJTIyJTdEJTJDJTdCJTIyZmxvd0lkJTIyJTNBJTIyMGE1MWVkZDctYjE2ZC00NTNkLWJmNDgtNTNlNGQzZTkzYmE5JTIyJTJDJTIycGFnZUlkJTIyJTNBJTIyYjMxNGFlZjgtNjg2Yi00ZDY1LWE0YTAtODA4NDU1YjQ4MWJmJTIyJTJDJTIyc25hcHNob3RJZCUyMiUzQSUyMjBhNzliMDk3LWYwNjUtNDAzYi04YWJmLThlMDNjNmVjMGEzMyUyMiU3RCUyQyU3QiUyMmZsb3dJZCUyMiUzQSUyMjBhNTFlZGQ3LWIxNmQtNDUzZC1iZjQ4LTUzZTRkM2U5M2JhOSUyMiUyQyUyMnNuYXBzaG90SWQlMjIlM0ElMjIwYTc5YjA5Ny1mMDY1LTQwM2ItOGFiZi04ZTAzYzZlYzBhMzMlMjIlMkMlMjJwYWdlSWQlMjIlM0ElMjI5N2U1ZDFjZi02NjZlLTRjNjItYWY4Zi05NjlkOWU5ZDhkNmYlMjIlN0QlMkMlN0IlMjJmbG93SWQlMjIlM0ElMjIwYTUxZWRkNy1iMTZkLTQ1M2QtYmY0OC01M2U0ZDNlOTNiYTklMjIlMkMlMjJzbmFwc2hvdElkJTIyJTNBJTIyMGE3OWIwOTctZjA2NS00MDNiLThhYmYtOGUwM2M2ZWMwYTMzJTIyJTJDJTIycGFnZUlkJTIyJTNBJTIyNjk0MjBjNDEtMzY0ZS00ZTEzLTk0YTQtNGJiNTFjZDNhODBjJTIyJTdEJTJDJTdCJTIyZmxvd0lkJTIyJTNBJTIyMGE1MWVkZDctYjE2ZC00NTNkLWJmNDgtNTNlNGQzZTkzYmE5JTIyJTJDJTIyc25hcHNob3RJZCUyMiUzQSUyMjBhNzliMDk3LWYwNjUtNDAzYi04YWJmLThlMDNjNmVjMGEzMyUyMiUyQyUyMnBhZ2VJZCUyMiUzQSUyMmI3ODUzMWM4LWVkMDItNDEzNy1iYTdiLWQ4YTY5Y2Y0ZDkyNiUyMiU3RCUyQyU3QiUyMmZsb3dJZCUyMiUzQSUyMjBhNTFlZGQ3LWIxNmQtNDUzZC1iZjQ4LTUzZTRkM2U5M2JhOSUyMiUyQyUyMnNuYXBzaG90SWQlMjIlM0ElMjIwYTc5YjA5Ny1mMDY1LTQwM2ItOGFiZi04ZTAzYzZlYzBhMzMlMjIlMkMlMjJwYWdlSWQlMjIlM0ElMjJmODBmYzU4My05ZjU3LTQwZDEtODNiMS0zOGQzZGI4YzQzMDQlMjIlN0QlNUQlMkMlMjJpbnRlcm1lZGlhdGVEYXRhJTIyJTNBJTdCJTIyY2F0ZWdvcnklMjIlM0ElN0IlMjJpbmR1c3RyeUlkJTIyJTNBJTIyMDg3ZDcxNGQ1Zjg1YjA5YzY1YjUxZTI4JTIyJTJDJTIyc3RydWN0dXJlSWQlMjIlM0ElMjIwNzNiZDgzZDA1NGRjZmY4N2ZhMGVmNTAlMjIlMkMlMjJidXNpbmVzc1R5cGUlMjIlM0ElMjJ0eXBlX3N0b3JlJTIyJTJDJTIyc2VnbWVudGF0aW9uSW5kdXN0cnlJZCUyMiUzQSUyMm5vdF9jbGFzc2lmaWVkJTIyJTJDJTIycG9zdFJlZ1ZlcnRpY2FsJTIyJTNBJTIyb25saW5lLXN0b3JlJTIyJTJDJTIyZGlzcGxheU5hbWUlMjIlM0ElMjJPbmxpbmUlMjBTdG9yZSUyMiU3RCUyQyUyMnNlbGVjdGVkQXBwcyUyMiUzQSU1QiU3QiUyMmFwcERlZklkJTIyJTNBJTIyMjE1MjM4ZWItMjJhNS00YzM2LTllN2ItZTdjMDgwMjVlMDRlJTIyJTdEJTJDJTdCJTIyYXBwRGVmSWQlMjIlM0ElMjIxNDUxN2UxYS0zZmYwLWFmOTgtNDA4ZS0yYmQ2OTUzYzM2YTIlMjIlN0QlMkMlN0IlMjJhcHBEZWZJZCUyMiUzQSUyMjE0Y2UxMjE0LWIyNzgtYTdlNC0xMzczLTAwY2ViZDFiZWY3YyUyMiU3RCUyQyU3QiUyMmFwcERlZklkJTIyJTNBJTIyMTQ2MzUyNTYtYjE4My0xYzcxLWE0ZDItZjU1MTc5YjgwZThhJTIyJTdEJTVEJTdEJTJDJTIyZGVhbGVyT2ZmZXJzJTIyJTNBJTdCJTdEJTdE,1,2023-05-13T10:56:27.571264+03:00
Setup | Wix.com,https://manage.wix.com/edit-template/to-dashboard,1,2023-05-13T10:56:32.957693+03:00
Setup | Wix.com,https://manage.wix.com/dashboard/f7f971d0-8f5b-425b-8679-31bc0a3a1a1f/home?referralInfo=intro,1,2023-05-13T10:56:35.531699+03:00
best free web hosting sites - Search,https://www.bing.com/search?pglt=41&q=best+free+web+hosting+sites&cvid=2fbb2add63844be499bfa6316d962680&aqs=edge.3.0j69i57j0l7.5167j0j1&FORM=ANNTA1&PC=ASTS,1,2023-05-13T10:56:42.033152+03:00
| Wix.com,https://manage.wix.com/dashboard/f7f971d0-8f5b-425b-8679-31bc0a3a1a1f/add-domain?domainName=contactx.tech,1,2023-05-13T10:57:20.120338+03:00
My profile,https://www.000webhost.com/members/profile,1,2023-05-13T11:00:00.984744+03:00
000Webhost | Websites,https://panel.000webhost.com/domain-search?search=contactx.tech,1,2023-05-13T11:03:41.836377+03:00
Microsoft Edge,https://www.microsoft.com/en-us/edge/update/112?form=MT00EF&exp=e00&channel=stable&version=112.0.1722.34,1,2023-04-07T20:38:25.734106+03:00
Welcome to XAMPP,http://b4ac-88-229-109-187.ngrok-free.app/dashboard/,1,2023-04-22T21:19:48.39868+03:00
,https://www.bing.com/ck/a?!&&p=5e4ba78098e77bacJmltdHM9MTY4MzkzNjAwMCZpZ3VpZD0wMTg4YjE5Ny03NjgwLTZlMjgtMzUzNC1hMzIyNzdlYjZmYTkmaW5zaWQ9NTE5OQ&ptn=3&hsh=3&fclid=0188b197-7680-6e28-3534-a32277eb6fa9&psq=webhost000&u=a1aHR0cHM6Ly93d3cuMDAwd2ViaG9zdC5jb20v&ntb=1,1,2023-05-13T22:05:13.107541+03:00
Two's (2s) Complement Calculator,https://www.allmath.com/twos-complement.php,1,2023-04-12T12:05:01.735283+03:00
Just a moment...,https://www.000webhost.com/cpanel-login?__cf_chl_rt_tk=85hMVWf5sX5NzpNLtknxP1qTSFAAx.N91IhYzf6yqKs-1684015517-0-gaNycGzNDmU,1,2023-05-13T22:05:16.378496+03:00
Just a moment...,https://www.000webhost.com/cpanel-login?__cf_chl_tk=85hMVWf5sX5NzpNLtknxP1qTSFAAx.N91IhYzf6yqKs-1684015517-0-gaNycGzNDmU,1,2023-05-13T22:05:17.417064+03:00
Ahmed Aboulfotouh's Digital Business Card,https://contactx.tech/dotsstudios/,1,2023-05-16T19:48:39.564467+03:00
tass - Search,https://www.bing.com/search?q=tass&form=WSBEDG&qs=SW&cvid=9711e9086930406bb217f48a986b6de6&pq=tass&cc=QA&setlang=en-US&PC=ASTS&nclid=65E84238DB170CD9EFA7EF88C024EBF6&ts=1680994572091&wsso=Moderate,1,2023-04-08T22:56:14.355053+03:00
voice recorder - Search,https://www.bing.com/search?q=voice+recorder&form=WSBEDG&qs=SW&cvid=0ee5d7de62c546ad9e17a8029abbea6a&pq=voice+recorder&cc=QA&setlang=en-US&PC=ASTS&nclid=65E84238DB170CD9EFA7EF88C024EBF6&ts=1685215063564&nclidts=1685215063&tsms=564&wsso=Moderate,1,2023-05-27T19:17:44.725236+03:00
voice recorder - Search,https://www.bing.com/search?q=voice+recorder&form=WSBEDG&qs=SW&cvid=0ee5d7de62c546ad9e17a8029abbea6a&pq=voice+recorder&cc=QA&setlang=en-US&PC=ASTS&nclid=65E84238DB170CD9EFA7EF88C024EBF6&ts=1685215063564&wsso=Moderate,1,2023-05-27T19:17:45.171648+03:00
